feature,face1,face2,diff
depth_variance,646.072684,719.9023508688065,-73.8296668688065
edge_density,0.005424,0.005142775511499818,0.0002812244885001822
border_color_density_cohesion,74.57007679997366,70.81372810246734,3.7563486975063256
point_count,2500.0,2601.0,-101.0
color_consistency,15.398652655839673,15.176539377082904,0.222113278756769
skin_tone_consistency,0.659632,0.6463389470008413,0.013293052999158728
multiscale_complexity,4.774929925408142,4.850495772937897,-0.07556584752975493
linearity,0.015069593229042187,0.019537611088103743,-0.004468017859061556
scattering,0.10715593021983563,0.11077079113641061,-0.00361486091657498
