feature,face1,face2,diff
depth_variance,979.3320381149783,1005.786456968642,-26.454418853663697
border_cohesion,0.07542948185092824,0.06835443037974684,0.007075051471181398
border_edge_cohesion,0.01206896551724138,0.012619628448114093,-0.0005506629308727144
point_count,3364.0,3481.0,-117.0
laplacian_variance,16.167069860352534,16.538606694507724,-0.3715368341551901
linearity,0.009007443394969011,0.007984726180102524,0.0010227172148664868
