feature,face1,face2,diff
point_count,2025.0,2116.0,-91.0
color_consistency,14.674130148915038,14.521428219743804,0.1527019291712346
laplacian_variance,5.919837424197531,5.851072410955446,0.06876501324208473
multiscale_complexity,4.608695709041376,4.346732025757708,0.2619636832836676
linearity,0.01787431268062894,0.017528510957818058,0.00034580172281088034
scattering,0.0728848735862087,0.07025104846756766,0.002633825118641034
