feature,face1,face2,diff
border_edge_cohesion,0.0027873894655901575,0.0023003312476996686,0.0004870582178904889
point_count,1681.0,1764.0,-83.0
frequency_std,27.41535897432856,27.788494659407778,-0.37313568507921957
skin_tone_consistency,0.6464821222606689,0.6062132277191457,0.04026889454152327
laplacian_variance,7.364364303440504,7.750033765851726,-0.38566946241122224
multiscale_complexity,4.11513175286578,4.657274758673769,-0.542143005807989
linearity,0.007579964914059986,0.00775695795190036,-0.00017699303784037348
scattering,0.1148411738564704,0.11150582236830621,0.00333535148816419
