feature,face1,face2,diff
depth_variance,2313.95247085138,2439.597095130566,-125.64462427918579
edge_density,0.0062734339277549156,0.005785467128027682,0.0004879667997272335
border_color_density_cohesion,122.05075914599212,117.30383197961913,4.746927166372984
point_count,6561.0,7225.0,-664.0
color_consistency,28.167484496133717,27.722722842474717,0.44476165365900044
skin_tone_consistency,0.46084438347812834,0.42693979238754326,0.03390459109058508
laplacian_variance,9.360656797064753,8.649154989420145,0.7115018076446074
scattering,0.0963836709831651,0.0902011049020024,0.006182566081162702
