feature,face1,face2,diff
depth_variance,620.6655643567715,666.525111206782,-45.859546850010474
edge_density,0.0071563720703125,0.008338104255662717,-0.0011817321853502174
border_edge_cohesion,0.00250244140625,0.002357795461243737,0.00014464594500626302
point_count,2704.0,2809.0,-105.0
skin_tone_consistency,0.5179595947265625,0.49495750209186595,0.023002092634696547
multiscale_complexity,4.921056070663588,5.336630552702501,-0.4155744820389131
linearity,0.0012071071525152884,0.0014402927621707127,-0.00023318560965542435
scattering,0.10887792805542554,0.11233152260762472,-0.0034535945521991795
