feature,face1,face2,diff
edge_density,0.03570816186556927,0.028095238095238097,0.0076129237703311745
border_edge_cohesion,0.014660493827160493,0.01611721611721612,-0.001456722290055626
point_count,2916.0,2809.0,107.0
high_frequency_content,212.59161522977817,210.2547139847451,2.3369012450330615
skin_tone_consistency,0.5348722565157751,0.5893877551020408,-0.0545154985862657
laplacian_variance,43.119674928766045,42.169032181035675,0.9506427477303703
surface_roughness,0.13873645343678348,0.1356067676429931,0.0031296857937903877
planarity,0.4451362057135992,0.44042370038724965,0.0047125053263495364
scattering,0.18361979659053498,0.18642794320726921,-0.0028081466167342306
