feature,face1,face2,diff
edge_density,0.015979365709227436,0.016423303174176597,-0.0004439374649491609
border_cohesion,0.07348101946445854,0.07161805115197632,0.0018629683124822133
border_edge_cohesion,0.018232044198895028,0.0191857323004864,-0.0009536881015913719
point_count,5329.0,5476.0,-147.0
skin_tone_consistency,0.512873538658771,0.49971632476335515,0.013157213895415909
laplacian_variance,18.217863050869223,18.767968731760828,-0.5501056808916047
multiscale_complexity,6.633874051146589,6.501865144686178,0.13200890646041064
linearity,0.01358605152810946,0.013734303184290354,-0.0001482516561808929
scattering,0.11065599691208376,0.10798809743368112,0.0026678994784026383
