feature,face1,face2,diff
texture_variation,63.619096308346315,75.448736197543,-11.829639889196685
border_color_density_cohesion,59.51001716078908,62.14770864978995,-2.637691489000865
color_consistency,11.449393686724285,11.310237285236468,0.13915640148781705
skin_tone_consistency,0.8576278859212313,0.8431734833851235,0.014454402536107747
laplacian_variance,8.023676783860205,7.175750958036036,0.8479258258241691
anisotropy,0.44616559867270417,0.4524192714782655,-0.006253672805561328
